{
    "СК-42": {
        "dX": 23.56,
        "dY": -140.86,
        "dZ": -79.77,
        "wx": -0.001738,
        "wy": -0.346441,
        "wz": -0.794263,
        "m": -0.2274e-6
    },
    "СК-95": {
        "dX": 24.46,
        "dY": -130.80,
        "dZ": -81.53,
        "wx": -0.001738,
        "wy": 0.003559,
        "wz": 0.134263,
        "m": -0.2274e-6
    },
    "ПЗ-90": {
        "dX": -1.443,
        "dY": 0.142,
        "dZ": 0.230,
        "wx": -0.001738,
        "wy": 0.003559,
        "wz": -0.134263,
        "m": -0.2274e-6
    },
    "ПЗ-90.02": {
        "dX": -0.373,
        "dY": 0.172,
        "dZ": 0.210,
        "wx": -0.001738,
        "wy": 0.003559,
        "wz": -0.004263,
        "m": -0.0074e-6
    },
    "ПЗ-90.11": {
        "dX": 0.0,
        "dY": -0.14,
        "dZ": 0.008,
        "wx": 0.000562,
        "wy": 0.000019,
        "wz": -0.000053,
        "m": 0.0006
    },
    "WGS-84": {
        "dX": -0.13,
        "dY": 0.092,
        "dZ": 0.03,
        "wx": -0.001738,
        "wy": 0.003559,
        "wz": -0.004263,
        "m": -0.0074e-6
    },
    "ITRF-2008": {
        "dX": 0.003,
        "dY": -0.013,
        "dZ": 0.008,
        "wx": 0.000543,
        "wy": 0.000061,
        "wz": -0.000055,
        "m": 0.0006
    }
}